{"cameraMode":{"drawMode":0,"name":"Shaded","section":"Shading Mode"},"sceneLighting":true,"audioPlay":false,"sceneViewState":{"showFog":true,"showMaterialUpdate":false,"showSkybox":true,"showFlares":true,"showImageEffects":true,"showParticleSystems":true},"in2DMode":false,"pivot":{"x":2.9926681518554689,"y":-0.5816669464111328,"z":6.576983451843262},"rotation":{"x":-0.11909487098455429,"y":0.018768897280097009,"z":-0.0022481195628643038,"w":-0.9927194714546204},"size":22.564464569091798,"orthographic":false}