{"cameraMode":{"drawMode":0,"name":"Shaded","section":"Shading Mode"},"sceneLighting":false,"audioPlay":false,"sceneViewState":{"showFog":true,"showMaterialUpdate":false,"showSkybox":false,"showFlares":true,"showImageEffects":true,"showParticleSystems":true},"in2DMode":false,"pivot":{"x":3.559499979019165,"y":0.7365312576293945,"z":4.889999866485596},"rotation":{"x":-0.006439306307584047,"y":0.9893036484718323,"z":-0.13830293715000153,"w":-0.04605328291654587},"size":4.535548686981201,"orthographic":false}