{"cameraMode":{"drawMode":0,"name":"Shaded","section":"Shading Mode"},"sceneLighting":false,"audioPlay":false,"sceneViewState":{"showFog":true,"showMaterialUpdate":false,"showSkybox":false,"showFlares":true,"showImageEffects":true,"showParticleSystems":true},"in2DMode":false,"pivot":{"x":3.559499979019165,"y":0.7450372576713562,"z":10.649999618530274},"rotation":{"x":0.25311437249183657,"y":0.001451157033443451,"z":-0.00037966217496432364,"w":0.9674355387687683},"size":4.519842147827148,"orthographic":false}