{"cameraMode":{"drawMode":0,"name":"Shaded","section":"Shading Mode"},"sceneLighting":true,"audioPlay":false,"sceneViewState":{"showFog":true,"showMaterialUpdate":false,"showSkybox":true,"showFlares":true,"showImageEffects":true,"showParticleSystems":true},"in2DMode":false,"pivot":{"x":4.268335819244385,"y":-1.2506623268127442,"z":12.541038513183594},"rotation":{"x":0.18786600232124329,"y":0.010603607632219792,"z":-0.0020283565390855076,"w":0.9821355938911438},"size":11.74301528930664,"orthographic":false}