{"cameraMode":{"drawMode":0,"name":"Shaded","section":"Shading Mode"},"sceneLighting":false,"audioPlay":false,"sceneViewState":{"showFog":true,"showMaterialUpdate":false,"showSkybox":false,"showFlares":true,"showImageEffects":true,"showParticleSystems":true},"in2DMode":false,"pivot":{"x":3.799952745437622,"y":0.1395244002342224,"z":8.670646667480469},"rotation":{"x":0.015474946238100529,"y":0.6513195633888245,"z":-0.013287710957229138,"w":0.7585304975509644},"size":3.01969575881958,"orthographic":false}