{"cameraMode":{"drawMode":0,"name":"Shaded","section":"Shading Mode"},"sceneLighting":false,"audioPlay":false,"sceneViewState":{"showFog":true,"showMaterialUpdate":false,"showSkybox":false,"showFlares":true,"showImageEffects":true,"showParticleSystems":true},"in2DMode":false,"pivot":{"x":3.5097453594207765,"y":-0.1332852840423584,"z":9.766845703125},"rotation":{"x":-0.006439306307584047,"y":0.9893036484718323,"z":-0.13830293715000153,"w":-0.04605328291654587},"size":2.100724458694458,"orthographic":false}