{"cameraMode":{"drawMode":0,"name":"Shaded","section":"Shading Mode"},"sceneLighting":false,"audioPlay":false,"sceneViewState":{"showFog":true,"showMaterialUpdate":false,"showSkybox":false,"showFlares":true,"showImageEffects":true,"showParticleSystems":true},"in2DMode":false,"pivot":{"x":2.6630754470825197,"y":0.09129954129457474,"z":4.905329704284668},"rotation":{"x":-0.015595928765833378,"y":-0.02549418993294239,"z":-0.00039777217898517847,"w":0.9995551705360413},"size":1.519695520401001,"orthographic":false}