{"cameraMode":{"drawMode":0,"name":"Shaded","section":"Shading Mode"},"sceneLighting":true,"audioPlay":false,"sceneViewState":{"showFog":true,"showMaterialUpdate":false,"showSkybox":true,"showFlares":true,"showImageEffects":true,"showParticleSystems":true},"in2DMode":false,"pivot":{"x":2.4927334785461427,"y":11.133708953857422,"z":11.197256088256836},"rotation":{"x":0.24351873993873597,"y":0.007858211174607277,"z":-0.0019730394706130029,"w":0.9698644876480103},"size":21.971057891845704,"orthographic":false}