{"cameraMode":{"drawMode":0,"name":"Shaded","section":"Shading Mode"},"sceneLighting":false,"audioPlay":false,"sceneViewState":{"showFog":true,"showMaterialUpdate":false,"showSkybox":false,"showFlares":true,"showImageEffects":true,"showParticleSystems":true},"in2DMode":false,"pivot":{"x":3.558056116104126,"y":0.18694472312927247,"z":10.33651351928711},"rotation":{"x":0.25311437249183657,"y":0.001451157033443451,"z":-0.00037966217496432364,"w":0.9674355387687683},"size":0.6198424100875855,"orthographic":false}