{"cameraMode":{"drawMode":0,"name":"Shaded","section":"Shading Mode"},"sceneLighting":false,"audioPlay":false,"sceneViewState":{"showFog":true,"showMaterialUpdate":false,"showSkybox":false,"showFlares":true,"showImageEffects":true,"showParticleSystems":true},"in2DMode":false,"pivot":{"x":1.5946083068847657,"y":0.6671585440635681,"z":8.676970481872559},"rotation":{"x":0.027877941727638246,"y":0.03479396924376488,"z":-0.0009708530269563198,"w":0.9990060925483704},"size":3.019695281982422,"orthographic":false}