{"cameraMode":{"drawMode":0,"name":"Shaded","section":"Shading Mode"},"sceneLighting":false,"audioPlay":false,"sceneViewState":{"showFog":true,"showMaterialUpdate":false,"showSkybox":false,"showFlares":true,"showImageEffects":true,"showParticleSystems":true},"in2DMode":false,"pivot":{"x":1.9825918674468995,"y":0.8616673946380615,"z":7.72020959854126},"rotation":{"x":0.03387809172272682,"y":-0.02847978100180626,"z":0.0009657930349931121,"w":0.9990198612213135},"size":2.435349464416504,"orthographic":false}