{"cameraMode":{"drawMode":0,"name":"Shaded","section":"Shading Mode"},"sceneLighting":false,"audioPlay":false,"sceneViewState":{"showFog":true,"showMaterialUpdate":false,"showSkybox":false,"showFlares":true,"showImageEffects":true,"showParticleSystems":true},"in2DMode":false,"pivot":{"x":-0.005513347685337067,"y":0.208049476146698,"z":15.586675643920899},"rotation":{"x":-0.006439306307584047,"y":0.9893036484718323,"z":-0.13830293715000153,"w":-0.04605328291654587},"size":0.9383198618888855,"orthographic":false}