{"cameraMode":{"drawMode":0,"name":"Shaded","section":"Shading Mode"},"sceneLighting":false,"audioPlay":false,"sceneViewState":{"showFog":true,"showMaterialUpdate":false,"showSkybox":false,"showFlares":true,"showImageEffects":true,"showParticleSystems":true},"in2DMode":false,"pivot":{"x":-2.369631290435791,"y":0.0,"z":0.7458510398864746},"rotation":{"x":0.2574421167373657,"y":0.013044632971286774,"z":-0.003475661389529705,"w":0.966199517250061},"size":42.49726486206055,"orthographic":false}