{"cameraMode":{"drawMode":0,"name":"Shaded","section":"Shading Mode"},"sceneLighting":false,"audioPlay":false,"sceneViewState":{"showFog":true,"showMaterialUpdate":false,"showSkybox":false,"showFlares":true,"showImageEffects":true,"showParticleSystems":true},"in2DMode":false,"pivot":{"x":-0.14139939844608308,"y":0.2989152669906616,"z":15.575183868408204},"rotation":{"x":-0.006439306307584047,"y":0.9893036484718323,"z":-0.13830293715000153,"w":-0.04605328291654587},"size":0.950417697429657,"orthographic":false}